Category Name,DSC_MONTH,Quantity #
Bike Racks,June,32
Bottles and Cages,June,54
Bottom Brackets,June,22
Brakes,June,13
Caps,June,52
Chains,June,8
Cleaners,June,55
Cranksets,June,22
Derailleurs,June,21
Gloves,June,57
Handlebars,June,27
Helmets,June,124
Hydration Packs,June,50
Jerseys,June,230
Mountain Bikes,June,209
Mountain Frames,June,128
Pedals,June,84
Road Bikes,June,222
Road Frames,June,60
Saddles,June,39
